country,region,district,street,address
Chile,Region Metropolitana,Cerrillos,Camino a Lonquen 7518,Chile Region Metropolitana Cerrillos Camino a Lonquen 7518
Chile,Region Metropolitana,La Reina,Fernando Castillo Velasco 9750,Chile Region Metropolitana La Reina Fernando Castillo Velasco 9750
Chile,Region Metropolitana,Quinta Normal,Ayuntamiento 1650,Chile Region Metropolitana Quinta Normal Ayuntamiento 1650
Chile,Region Metropolitana,Cerro Navia,Mapocho 7360,Chile Region Metropolitana Cerro Navia Mapocho 7360
Chile,Region Metropolitana,San Joaquín,Coñimo 286,Chile Region Metropolitana San Joaquín Coñimo 286
Chile,Region Metropolitana,Colina,Avenida Concepcion 398,Chile Region Metropolitana Colina Avenida Concepcion 398
Chile,Region Metropolitana,Pedro Aguirre Cerda,Paseo Grohnert 5510,Chile Region Metropolitana Pedro Aguirre Cerda Paseo Grohnert 5510
Chile,Region Metropolitana,La Cisterna,Gran Avenida Jose Miguel Carrrera 8585,Chile Region Metropolitana La Cisterna Gran Avenida Jose Miguel Carrrera 8585
Chile,Region Metropolitana,La Florida,Serafín Zamora 6600,Chile Region Metropolitana La Florida Serafín Zamora 6600
Chile,Region Metropolitana,La Florida,Alonso de Ercilla 1200,Chile Region Metropolitana La Florida Alonso de Ercilla 1200
Chile,Region Metropolitana,Paine,Avenida 18 de septiembre 39,Chile Region Metropolitana Paine Avenida 18 de septiembre 39
Chile,Region Metropolitana,Buin,Manuel Montt s/n esquina Carlos Condell,Chile Region Metropolitana Buin Manuel Montt s/n esquina Carlos Condell
Chile,Region Metropolitana,Lo Barnechea,Av. El Tranque 10300,Chile Region Metropolitana Lo Barnechea Av. El Tranque 10300
Chile,Region Metropolitana,Lampa,Sargento Aldea 1036,Chile Region Metropolitana Lampa Sargento Aldea 1036
Chile,Region Metropolitana,La Pintana,Avenida Santa Rosa 12975,Chile Region Metropolitana La Pintana Avenida Santa Rosa 12975
Chile,Region Metropolitana,Estación Central,Las Lilas 5809,Chile Region Metropolitana Estación Central Las Lilas 5809
Chile,Region Metropolitana,San Ramón,Santa Rosa 9441,Chile Region Metropolitana San Ramón Santa Rosa 9441
Chile,Region Metropolitana,Macul,Amanda Labarca 4835,Chile Region Metropolitana Macul Amanda Labarca 4835
